Question Name, Question Text, Question Help Text
additional_work_age_1,Do you need any more information to complete the assessment?,This question asks you to reflect upon whether you think that you need further information to obtain a comprehensive view of the impact of the Function.<br/><br/> The Impact section asked you to identify existing information to assess the impact of the function on individuals of different ages.<br/><br/> The Consultation section asked you to who had been consulted about the impact of the Function. <br/><br/> Even with these two sources of information you may feel that there is additional information required such as further data collection and analysis of further consultation.
additional_work_age_2,Please explain what information you need.,"A brief description of the nature of the information, source and timescales for collection will be sufficient."
additional_work_age_3,Is there any more work you feel is necessary to complete the assessment?,""
additional_work_age_4,"Do you think that the Function has a role in preventing individuals of different ages being treated differently, in an unfair or inappropriate way, just because of their age?",This question asks you to assess whether the Function could have a role in eliminating discrimination or harassment faced by individuals of different ages as a result of their individuals of different ages.<br/><br/> There will be a minority of Functions that are intended to eliminate discrimination or harassment as their primary purpose and some Functions which might have a secondary role in eliminating discrimination or harassment.
additional_work_age_6,Do you think that the Function could assist individuals of different ages to get on better with each other?,This question asks you to assess whether the Function could have a role in assisting individuals of different ages to get on better with each other.<br/><br/> There will be a minority of Functions that are intended to promote good relations as their primary purpose and some Functions that might have this as a secondary role.
additional_work_disability_1,Do you need any more information to complete the assessment?,This question asks you to reflect upon whether you think that you need further information to obtain a comprehensive view of the impact of the Function.<br/><br/> The Impact section asked you to identify existing information to assess the impact of the function on individuals with different kinds of disability.<br/><br/> The Consultation section asked you to who had been consulted about the impact of the Function. <br/><br/> Even with these two sources of information you may feel that there is additional information required such as further data collection and analysis of further consultation.
additional_work_disability_2,Please explain what information you need.,"A brief description of the nature of the information, source and timescales for collection will be sufficient."
additional_work_disability_3,Is there any more work you feel is necessary to complete the assessment?,""
additional_work_disability_4,"Do you think that the Function has a role in preventing individuals with different kinds of disability being treated differently, in an unfair or inappropriate way, just because of their disability?",This question asks you to assess whether the Function could have a role in eliminating discrimination or harassment faced by individuals with different kinds of disability as a result of their individuals with different kinds of disability.<br/><br/> There will be a minority of Functions that are intended to eliminate discrimination or harassment as their primary purpose and some Functions which might have a secondary role in eliminating discrimination or harassment.
additional_work_disability_6,Do you think that the Function could assist individuals with different kinds of disability to get on better with each other?,This question asks you to assess whether the Function could have a role in assisting individuals with different kinds of disability to get on better with each other.<br/><br/> There will be a minority of Functions that are intended to promote good relations as their primary purpose and some Functions that might have this as a secondary role.
additional_work_disability_7,Do you think that the function will take account of disabilities even if it means treating individuals with different kinds of disability more favourably?,The question asks whether the Function takes account of disabilities even if it means treating people with disabilities more favourably.<br/><br/> As noted in the Impact section this type of intentional positive impact can be characterized as positive action.
additional_work_disability_8,Do you think that the Function could assist individuals with different kinds of disability to participate more?,"The question asks you whether the Function could encourage individuals with different types of disability to participate more in society.<br/><br/> Functions which assisted with access, both physical and information, for people with different types of disability might assist in this regard."
additional_work_disability_9,Do you think that the Function could assist in promoting positive attitudes to individuals with different kinds of disability?,The question asks you whether the Function could assist in promoting positive attitudes to individuals with different types of disability.
additional_work_faith_1,Do you need any more information to complete the assessment?,This question asks you to reflect upon whether you think that you need further information to obtain a comprehensive view of the impact of the Function.<br/><br/> The Impact section asked you to identify existing information to assess the impact of the function on individuals of different religions or beliefs.<br/><br/> The Consultation section asked you to who had been consulted about the impact of the Function. <br/><br/> Even with these two sources of information you may feel that there is additional information required such as further data collection and analysis of further consultation.
additional_work_faith_2,Please explain what information you need.,"A brief description of the nature of the information, source and timescales for collection will be sufficient."
additional_work_faith_3,Is there any more work you feel is necessary to complete the assessment?,""
additional_work_faith_4,"Do you think that the Function has a role in preventing individuals of different religions or beliefs being treated differently, in an unfair or inappropriate way, just because of their religion or belief?",This question asks you to assess whether the Function could have a role in eliminating discrimination or harassment faced by individuals of different religions or beliefs as a result of their individuals of different religions or beliefs.<br/><br/> There will be a minority of Functions that are intended to eliminate discrimination or harassment as their primary purpose and some Functions which might have a secondary role in eliminating discrimination or harassment.
additional_work_faith_6,Do you think that the Function could assist individuals of different religions or beliefs to get on better with each other?,This question asks you to assess whether the Function could have a role in assisting individuals of different religions or beliefs to get on better with each other.<br/><br/> There will be a minority of Functions that are intended to promote good relations as their primary purpose and some Functions that might have this as a secondary role.
additional_work_gender_1,Do you need any more information to complete the assessment?,This question asks you to reflect upon whether you think that you need further information to obtain a comprehensive view of the impact of the Function.<br/><br/> The Impact section asked you to identify existing information to assess the impact of the function on men and women.<br/><br/> The Consultation section asked you to who had been consulted about the impact of the Function. <br/><br/> Even with these two sources of information you may feel that there is additional information required such as further data collection and analysis of further consultation.
additional_work_gender_2,Please explain what information you need.,"A brief description of the nature of the information, source and timescales for collection will be sufficient."
additional_work_gender_3,Is there any more work you feel is necessary to complete the assessment?,""
additional_work_gender_4,"Do you think that the Function has a role in preventing men and women being treated differently, in an unfair or inappropriate way, just because of their gender?",This question asks you to assess whether the Function could have a role in eliminating discrimination or harassment faced by men and women as a result of their men and women.<br/><br/> There will be a minority of Functions that are intended to eliminate discrimination or harassment as their primary purpose and some Functions which might have a secondary role in eliminating discrimination or harassment.
additional_work_gender_reassignment_1,Do you need any more information to complete the assessment?,This question asks you to reflect upon whether you think that you need further information to obtain a comprehensive view of the impact of the Function.<br/><br/> The Impact section asked you to identify existing information to assess the impact of the function on individuals with gender reassignment.<br/><br/> The Consultation section asked you to who had been consulted about the impact of the Function. <br/><br/> Even with these two sources of information you may feel that there is additional information required such as further data collection and analysis of further consultation.
additional_work_gender_reassignment_2,Please explain what information you need.,"A brief description of the nature of the information, source and timescales for collection will be sufficient."
additional_work_gender_reassignment_3,Is there any more work you feel is necessary to complete the assessment?,""
additional_work_gender_reassignment_4,"Do you think that the Function has a role in preventing individuals with gender reassignment being treated differently, in an unfair or inappropriate way, just because of their gender reassignment?",This question asks you to assess whether the Function could have a role in eliminating discrimination or harassment faced by individuals with gender reassignment as a result of their individuals with gender reassignment.<br/><br/> There will be a minority of Functions that are intended to eliminate discrimination or harassment as their primary purpose and some Functions which might have a secondary role in eliminating discrimination or harassment.
additional_work_gender_reassignment_6,Do you think that the Function could assist individuals with gender reassignment to get on better with each other?,This question asks you to assess whether the Function could have a role in assisting individuals with gender reassignment to get on better with each other.<br/><br/> There will be a minority of Functions that are intended to promote good relations as their primary purpose and some Functions that might have this as a secondary role.
additional_work_marriage_civil_partnership_1,Do you need any more information to complete the assessment?,This question asks you to reflect upon whether you think that you need further information to obtain a comprehensive view of the impact of the Function.<br/><br/> The Impact section asked you to identify existing information to assess the impact of the function on .<br/><br/> The Consultation section asked you to who had been consulted about the impact of the Function. <br/><br/> Even with these two sources of information you may feel that there is additional information required such as further data collection and analysis of further consultation.
additional_work_marriage_civil_partnership_2,Please explain what information you need.,"A brief description of the nature of the information, source and timescales for collection will be sufficient."
additional_work_marriage_civil_partnership_3,Is there any more work you feel is necessary to complete the assessment?,""
additional_work_marriage_civil_partnership_4,"Do you think that the Function has a role in preventing  being treated differently, in an unfair or inappropriate way, just because of their marriage civil partnership?",This question asks you to assess whether the Function could have a role in eliminating discrimination or harassment faced by  as a result of their .<br/><br/> There will be a minority of Functions that are intended to eliminate discrimination or harassment as their primary purpose and some Functions which might have a secondary role in eliminating discrimination or harassment.
additional_work_marriage_civil_partnership_6,Do you think that the Function could assist  to get on better with each other?,This question asks you to assess whether the Function could have a role in assisting  to get on better with each other.<br/><br/> There will be a minority of Functions that are intended to promote good relations as their primary purpose and some Functions that might have this as a secondary role.
additional_work_pregnancy_and_maternity_1,Do you need any more information to complete the assessment?,This question asks you to reflect upon whether you think that you need further information to obtain a comprehensive view of the impact of the Function.<br/><br/> The Impact section asked you to identify existing information to assess the impact of the function on expecting or new parents.<br/><br/> The Consultation section asked you to who had been consulted about the impact of the Function. <br/><br/> Even with these two sources of information you may feel that there is additional information required such as further data collection and analysis of further consultation.
additional_work_pregnancy_and_maternity_2,Please explain what information you need.,"A brief description of the nature of the information, source and timescales for collection will be sufficient."
additional_work_pregnancy_and_maternity_3,Is there any more work you feel is necessary to complete the assessment?,""
additional_work_pregnancy_and_maternity_4,"Do you think that the Function has a role in preventing expecting or new parents being treated differently, in an unfair or inappropriate way, just because of their pregnancy and maternity?",This question asks you to assess whether the Function could have a role in eliminating discrimination or harassment faced by expecting or new parents as a result of their expecting or new parents.<br/><br/> There will be a minority of Functions that are intended to eliminate discrimination or harassment as their primary purpose and some Functions which might have a secondary role in eliminating discrimination or harassment.
additional_work_pregnancy_and_maternity_6,Do you think that the Function could assist expecting or new parents to get on better with each other?,This question asks you to assess whether the Function could have a role in assisting expecting or new parents to get on better with each other.<br/><br/> There will be a minority of Functions that are intended to promote good relations as their primary purpose and some Functions that might have this as a secondary role.
additional_work_race_1,Do you need any more information to complete the assessment?,This question asks you to reflect upon whether you think that you need further information to obtain a comprehensive view of the impact of the Function.<br/><br/> The Impact section asked you to identify existing information to assess the impact of the function on individuals from different ethnic backgrounds.<br/><br/> The Consultation section asked you to who had been consulted about the impact of the Function. <br/><br/> Even with these two sources of information you may feel that there is additional information required such as further data collection and analysis of further consultation.
additional_work_race_2,Please explain what information you need.,"A brief description of the nature of the information, source and timescales for collection will be sufficient."
additional_work_race_3,Is there any more work you feel is necessary to complete the assessment?,""
additional_work_race_4,"Do you think that the Function has a role in preventing individuals from different ethnic backgrounds being treated differently, in an unfair or inappropriate way, just because of their ethnicity?",This question asks you to assess whether the Function could have a role in eliminating discrimination or harassment faced by individuals from different ethnic backgrounds as a result of their individuals from different ethnic backgrounds.<br/><br/> There will be a minority of Functions that are intended to eliminate discrimination or harassment as their primary purpose and some Functions which might have a secondary role in eliminating discrimination or harassment.
additional_work_race_6,Do you think that the Function could assist individuals from different ethnic backgrounds to get on better with each other?,This question asks you to assess whether the Function could have a role in assisting individuals from different ethnic backgrounds to get on better with each other.<br/><br/> There will be a minority of Functions that are intended to promote good relations as their primary purpose and some Functions that might have this as a secondary role.
additional_work_sexual_orientation_1,Do you need any more information to complete the assessment?,This question asks you to reflect upon whether you think that you need further information to obtain a comprehensive view of the impact of the Function.<br/><br/> The Impact section asked you to identify existing information to assess the impact of the function on individuals of different sexual orientations.<br/><br/> The Consultation section asked you to who had been consulted about the impact of the Function. <br/><br/> Even with these two sources of information you may feel that there is additional information required such as further data collection and analysis of further consultation.
additional_work_sexual_orientation_2,Please explain what information you need.,"A brief description of the nature of the information, source and timescales for collection will be sufficient."
additional_work_sexual_orientation_3,Is there any more work you feel is necessary to complete the assessment?,""
additional_work_sexual_orientation_4,"Do you think that the Function has a role in preventing individuals of different sexual orientations being treated differently, in an unfair or inappropriate way, just because of their sexual orientation?",This question asks you to assess whether the Function could have a role in eliminating discrimination or harassment faced by individuals of different sexual orientations as a result of their individuals of different sexual orientations.<br/><br/> There will be a minority of Functions that are intended to eliminate discrimination or harassment as their primary purpose and some Functions which might have a secondary role in eliminating discrimination or harassment.
additional_work_sexual_orientation_6,Do you think that the Function could assist individuals of different sexual orientations to get on better with each other?,This question asks you to assess whether the Function could have a role in assisting individuals of different sexual orientations to get on better with each other.<br/><br/> There will be a minority of Functions that are intended to promote good relations as their primary purpose and some Functions that might have this as a secondary role.
consultation_age_1,Have you obtained the views of individuals of different ages on the impact of the Function?,This question asks whether any individuals representing the interests of individuals of different ages have been consulted on the impact of the Function.<br/><br/>  The consultation may have been arranged specifically for this particular Function or for a number of Functions.<br/><br/> The available answers to this question are:<br/> <ul><li>Yes</li> <li>No</li> <li>Not Sure</li> </ul><br/>
consultation_age_2,"If not, why not?",This question asks why groups have not been consulted on the impact of the Function.<br/><br/> The available answers to this question are:<ul> <li>No relevant individuals identified.  This would be the correct answer if it had been decided that there were no suitable groups representing the interests of individuals of different ages to consult with.</li> <li>There are plans to consult relevant individuals.  This would be the correct answer if the consultation was planned but had not yet taken place.</li> <li>There are no plans to consult relevant individuals.  There may be reasons why the Council had decided not to consult on the impact of the Function.</li> <li>Not Sure.  As always an acceptable answer if you are unsure.</li></ul>
consultation_age_3,"If so, how did you obtain these views?",This question asks you to list the groups that have been consulted and the date of the consultation.<br/><br/> If any future consultations are planned please record these details as well.
consultation_age_4,Have you obtained the views of relevant stakeholders on the impact of the Function on individuals of different ages?,This question asks whether any stakeholders with knowledge and expertise on the interests of individuals of different ages have been consulted on the impact of the Function.<br/><br/>  The consultation may have been arranged specifically for this particular Function or for a number of Functions.<br/><br/> The available answers to this question are:<br/> <ul><li>Yes</li> <li>No</li> <li>Not Sure</li> </ul><br/>
consultation_age_5,"If not, why not?",This question asks why stakeholders have not been consulted on the impact of the Function.<br/><br/> The available answers to this question are:<ul> <li>No relevant stakeholders identified.  This would be the correct answer if it had been decided that there were no suitable stakeholders representing the interests of individuals of different ages to consult with.</li> <li>There are plans to consult relevant stakeholders.  This would be the correct answer if the consultation was planned but had not yet taken place.</li> <li>There are no plans to consult relevant stakeholders.  There may be reasons why the Council had decided not to consult on the impact of the Function.</li> <li>Not Sure.  As always an acceptable answer if you are unsure.</li></ul>
consultation_age_6,"If so, how did you obtain these views?",This question asks you to list the groups that have been consulted and the date of the consultation.<br/><br/> If any future consultations are planned please record these details as well.
consultation_age_7,Is there anything about the Function and the way it affects individuals of different ages which needs highlighting?,"This question asks you to identify any issues about the way in which the Function has an impact upon people from different religions or beliefs.  An issue will be where there is a differential impact.  This means that the impact on one particular group of individuals, say elderly people, is different than for another group.<br/><br/> Differential impact can be positive or negative.  Negative or adverse differential impact needs to be addressed by putting in place compensatory measures.<br/><br/> Some differential impact is intentional and can be characterised as positive action."
consultation_disability_1,Have you obtained the views of individuals with different kinds of disability on the impact of the Function?,"This question asks whether any individuals representing the interests of individuals with different kinds of disability have been consulted on the impact of the Function.<br/><br/> It will be important to ensure that the consultation includes people with a range of disabilities, including physical, sensory, learning and mental health.<br/><br/> The consultation may have been arranged specifically for this particular Function or for a number of Functions.<br/><br/> The available answers to this question are:<br/> <ul><li>Yes</li> <li>No</li> <li>Not Sure</li> </ul><br/>"
consultation_disability_2,"If not, why not?",This question asks why groups have not been consulted on the impact of the Function.<br/><br/> The available answers to this question are:<ul> <li>No relevant individuals identified.  This would be the correct answer if it had been decided that there were no suitable groups representing the interests of individuals with different kinds of disability to consult with.</li> <li>There are plans to consult relevant individuals.  This would be the correct answer if the consultation was planned but had not yet taken place.</li> <li>There are no plans to consult relevant individuals.  There may be reasons why the Council had decided not to consult on the impact of the Function.</li> <li>Not Sure.  As always an acceptable answer if you are unsure.</li></ul>
consultation_disability_3,"If so, how did you obtain these views?",This question asks you to list the groups that have been consulted and the date of the consultation.<br/><br/> If any future consultations are planned please record these details as well.
consultation_disability_4,Have you obtained the views of relevant stakeholders on the impact of the Function on individuals with different kinds of disability?,"This question asks whether any stakeholders with knowledge and expertise on the interests of individuals with different kinds of disability have been consulted on the impact of the Function.<br/><br/> It will be important to ensure that the consultation includes people with a range of disabilities, including physical, sensory, learning and mental health.<br/><br/> The consultation may have been arranged specifically for this particular Function or for a number of Functions.<br/><br/> The available answers to this question are:<br/> <ul><li>Yes</li> <li>No</li> <li>Not Sure</li> </ul><br/>"
consultation_disability_5,"If not, why not?",This question asks why stakeholders have not been consulted on the impact of the Function.<br/><br/> The available answers to this question are:<ul> <li>No relevant stakeholders identified.  This would be the correct answer if it had been decided that there were no suitable stakeholders representing the interests of individuals with different kinds of disability to consult with.</li> <li>There are plans to consult relevant stakeholders.  This would be the correct answer if the consultation was planned but had not yet taken place.</li> <li>There are no plans to consult relevant stakeholders.  There may be reasons why the Council had decided not to consult on the impact of the Function.</li> <li>Not Sure.  As always an acceptable answer if you are unsure.</li></ul>
consultation_disability_6,"If so, how did you obtain these views?",This question asks you to list the groups that have been consulted and the date of the consultation.<br/><br/> If any future consultations are planned please record these details as well.
consultation_disability_7,Is there anything about the Function and the way it affects individuals with different kinds of disability which needs highlighting?,"This question asks you to identify any issues about the way in which the Function has an impact upon people from different religions or beliefs.  An issue will be where there is a differential impact.  This means that the impact on one particular group of individuals, say people with mental health conditions, is different than for another group.<br/><br/> Differential impact can be positive or negative.  Negative or adverse differential impact needs to be addressed by putting in place compensatory measures.<br/><br/> Some differential impact is intentional and can be characterised as positive action."
consultation_faith_1,Have you obtained the views of individuals of different religions or beliefs on the impact of the Function?,"This question asks whether any individuals representing the interests of individuals of different religions or beliefs have been consulted on the impact of the Function.<br/><br/> It will be important to ensure that the consultation includes people from a range of religions or beliefs, including both majority and minority religions or beliefs. <br/><br/> The consultation may have been arranged specifically for this particular Function or for a number of Functions.<br/><br/> The available answers to this question are:<br/> <ul><li>Yes</li> <li>No</li> <li>Not Sure</li> </ul><br/>"
consultation_faith_2,"If not, why not?",This question asks why groups have not been consulted on the impact of the Function.<br/><br/> The available answers to this question are:<ul> <li>No relevant individuals identified.  This would be the correct answer if it had been decided that there were no suitable groups representing the interests of individuals of different religions or beliefs to consult with.</li> <li>There are plans to consult relevant individuals.  This would be the correct answer if the consultation was planned but had not yet taken place.</li> <li>There are no plans to consult relevant individuals.  There may be reasons why the Council had decided not to consult on the impact of the Function.</li> <li>Not Sure.  As always an acceptable answer if you are unsure.</li></ul>
consultation_faith_3,"If so, how did you obtain these views?",This question asks you to list the groups that have been consulted and the date of the consultation.<br/><br/> If any future consultations are planned please record these details as well.
consultation_faith_4,Have you obtained the views of relevant stakeholders on the impact of the Function on individuals of different religions or beliefs?,"This question asks whether any stakeholders with knowledge and expertise on the interests of individuals of different religions or beliefs have been consulted on the impact of the Function.<br/><br/> It will be important to ensure that the consultation includes people from a range of religions or beliefs, including both majority and minority religions or beliefs. <br/><br/> The consultation may have been arranged specifically for this particular Function or for a number of Functions.<br/><br/> The available answers to this question are:<br/> <ul><li>Yes</li> <li>No</li> <li>Not Sure</li> </ul><br/>"
consultation_faith_5,"If not, why not?",This question asks why stakeholders have not been consulted on the impact of the Function.<br/><br/> The available answers to this question are:<ul> <li>No relevant stakeholders identified.  This would be the correct answer if it had been decided that there were no suitable stakeholders representing the interests of individuals of different religions or beliefs to consult with.</li> <li>There are plans to consult relevant stakeholders.  This would be the correct answer if the consultation was planned but had not yet taken place.</li> <li>There are no plans to consult relevant stakeholders.  There may be reasons why the Council had decided not to consult on the impact of the Function.</li> <li>Not Sure.  As always an acceptable answer if you are unsure.</li></ul>
consultation_faith_6,"If so, how did you obtain these views?",This question asks you to list the groups that have been consulted and the date of the consultation.<br/><br/> If any future consultations are planned please record these details as well.
consultation_faith_7,Is there anything about the Function and the way it affects individuals of different religions or beliefs which needs highlighting?,"This question asks you to identify any issues about the way in which the Function has an impact upon people from different religions or beliefs.  An issue will be where there is a differential impact.  This means that the impact on one particular group of individuals, say people from the Sikh religion, is different than for another group.  <br/><br/> Differential impact can be positive or negative.  Negative or adverse differential impact needs to be addressed by putting in place compensatory measures.<br/><br/> Some differential impact is intentional and can be characterised as positive action."
consultation_gender_1,Have you obtained the views of men and women on the impact of the Function?,This question asks whether any individuals representing the interests of men and women have been consulted on the impact of the Function.<br/><br/>  The consultation may have been arranged specifically for this particular Function or for a number of Functions.<br/><br/> The available answers to this question are:<br/> <ul><li>Yes</li> <li>No</li> <li>Not Sure</li> </ul><br/>
consultation_gender_2,"If not, why not?",This question asks why groups have not been consulted on the impact of the Function.<br/><br/> The available answers to this question are:<ul> <li>No relevant individuals identified.  This would be the correct answer if it had been decided that there were no suitable groups representing the interests of men and women to consult with.</li> <li>There are plans to consult relevant individuals.  This would be the correct answer if the consultation was planned but had not yet taken place.</li> <li>There are no plans to consult relevant individuals.  There may be reasons why the Council had decided not to consult on the impact of the Function.</li> <li>Not Sure.  As always an acceptable answer if you are unsure.</li></ul>
consultation_gender_3,"If so, how did you obtain these views?",This question asks you to list the groups that have been consulted and the date of the consultation.<br/><br/> If any future consultations are planned please record these details as well.
consultation_gender_4,Have you obtained the views of relevant stakeholders on the impact of the Function on men and women?,This question asks whether any stakeholders with knowledge and expertise on the differentinterests of men and women have been consulted on the impact of the Function.<br/><br/>  The consultation may have been arranged specifically for this particular Function or for a number of Functions.<br/><br/> The available answers to this question are:<br/> <ul><li>Yes</li> <li>No</li> <li>Not Sure</li> </ul><br/>
consultation_gender_5,"If not, why not?",This question asks why stakeholders have not been consulted on the impact of the Function.<br/><br/> The available answers to this question are:<ul> <li>No relevant stakeholders identified.  This would be the correct answer if it had been decided that there were no suitable stakeholders representing the interests of men and women to consult with.</li> <li>There are plans to consult relevant stakeholders.  This would be the correct answer if the consultation was planned but had not yet taken place.</li> <li>There are no plans to consult relevant stakeholders.  There may be reasons why the Council had decided not to consult on the impact of the Function.</li> <li>Not Sure.  As always an acceptable answer if you are unsure.</li></ul>
consultation_gender_6,"If so, how did you obtain these views?",This question asks you to list the groups that have been consulted and the date of the consultation.<br/><br/> If any future consultations are planned please record these details as well.
consultation_gender_7,Is there anything about the Function and the way it affects men and women which needs highlighting?,"This question asks you to identify any issues about the way in which the Function has an impact upon people from different religions or beliefs.  An issue will be where there is a differential impact.  This means that the impact on one particular group of individuals, men or women, is different than for the other group.<br/><br/> Differential impact can be positive or negative.  Negative or adverse differential impact needs to be addressed by putting in place compensatory measures.<br/><br/> Some differential impact is intentional and can be characterised as positive action."
consultation_gender_reassignment_1,Have you obtained the views of individuals with gender reassignment on the impact of the Function?,This question asks whether any individuals representing the interests of individuals with gender reassignment have been consulted on the impact of the Function.<br/><br/>  The consultation may have been arranged specifically for this particular Function or for a number of Functions.<br/><br/> The available answers to this question are:<br/> <ul><li>Yes</li> <li>No</li> <li>Not Sure</li> </ul><br/>
consultation_gender_reassignment_2,"If not, why not?",This question asks why groups have not been consulted on the impact of the Function.<br/><br/> The available answers to this question are:<ul> <li>No relevant individuals identified.  This would be the correct answer if it had been decided that there were no suitable groups representing the interests of individuals with gender reassignment to consult with.</li> <li>There are plans to consult relevant individuals.  This would be the correct answer if the consultation was planned but had not yet taken place.</li> <li>There are no plans to consult relevant individuals.  There may be reasons why the Council had decided not to consult on the impact of the Function.</li> <li>Not Sure.  As always an acceptable answer if you are unsure.</li></ul>
consultation_gender_reassignment_3,"If so, how did you obtain these views?",This question asks you to list the groups that have been consulted and the date of the consultation.<br/><br/> If any future consultations are planned please record these details as well.
consultation_gender_reassignment_4,Have you obtained the views of relevant stakeholders on the impact of the Function on individuals with gender reassignment?,This question asks whether any stakeholders with knowledge and expertise on the interests of individuals with gender reassignment have been consulted on the impact of the Function.<br/><br/>  The consultation may have been arranged specifically for this particular Function or for a number of Functions.<br/><br/> The available answers to this question are:<br/> <ul><li>Yes</li> <li>No</li> <li>Not Sure</li> </ul><br/>
consultation_gender_reassignment_5,"If not, why not?",This question asks why stakeholders have not been consulted on the impact of the Function.<br/><br/> The available answers to this question are:<ul> <li>No relevant stakeholders identified.  This would be the correct answer if it had been decided that there were no suitable stakeholders representing the interests of individuals with gender reassignment to consult with.</li> <li>There are plans to consult relevant stakeholders.  This would be the correct answer if the consultation was planned but had not yet taken place.</li> <li>There are no plans to consult relevant stakeholders.  There may be reasons why the Council had decided not to consult on the impact of the Function.</li> <li>Not Sure.  As always an acceptable answer if you are unsure.</li></ul>
consultation_gender_reassignment_6,"If so, how did you obtain these views?",This question asks you to list the groups that have been consulted and the date of the consultation.<br/><br/> If any future consultations are planned please record these details as well.
consultation_gender_reassignment_7,Is there anything about the Function and the way it affects individuals with gender reassignment which needs highlighting?,This question asks you to identify any issues about the way in which the Function has an impact upon people from different religions or beliefs.  An issue will be where there is a differential impact.  <br/><br/> Differential impact can be positive or negative.  Negative or adverse differential impact needs to be addressed by putting in place compensatory measures.<br/><br/> Some differential impact is intentional and can be characterised as positive action.
consultation_marriage_civil_partnership_1,Have you obtained the views of  on the impact of the Function?,This question asks whether any individuals representing the interests of  have been consulted on the impact of the Function.<br/><br/>  The consultation may have been arranged specifically for this particular Function or for a number of Functions.<br/><br/> The available answers to this question are:<br/> <ul><li>Yes</li> <li>No</li> <li>Not Sure</li> </ul><br/>
consultation_marriage_civil_partnership_2,"If not, why not?",This question asks why groups have not been consulted on the impact of the Function.<br/><br/> The available answers to this question are:<ul> <li>No relevant individuals identified.  This would be the correct answer if it had been decided that there were no suitable groups representing the interests of  to consult with.</li> <li>There are plans to consult relevant individuals.  This would be the correct answer if the consultation was planned but had not yet taken place.</li> <li>There are no plans to consult relevant individuals.  There may be reasons why the Council had decided not to consult on the impact of the Function.</li> <li>Not Sure.  As always an acceptable answer if you are unsure.</li></ul>
consultation_marriage_civil_partnership_3,"If so, how did you obtain these views?",This question asks you to list the groups that have been consulted and the date of the consultation.<br/><br/> If any future consultations are planned please record these details as well.
consultation_marriage_civil_partnership_4,Have you obtained the views of relevant stakeholders on the impact of the Function on ?,This question asks whether any stakeholders with knowledge and expertise on the interests of  have been consulted on the impact of the Function.<br/><br/>  The consultation may have been arranged specifically for this particular Function or for a number of Functions.<br/><br/> The available answers to this question are:<br/> <ul><li>Yes</li> <li>No</li> <li>Not Sure</li> </ul><br/>
consultation_marriage_civil_partnership_5,"If not, why not?",This question asks why stakeholders have not been consulted on the impact of the Function.<br/><br/> The available answers to this question are:<ul> <li>No relevant stakeholders identified.  This would be the correct answer if it had been decided that there were no suitable stakeholders representing the interests of  to consult with.</li> <li>There are plans to consult relevant stakeholders.  This would be the correct answer if the consultation was planned but had not yet taken place.</li> <li>There are no plans to consult relevant stakeholders.  There may be reasons why the Council had decided not to consult on the impact of the Function.</li> <li>Not Sure.  As always an acceptable answer if you are unsure.</li></ul>
consultation_marriage_civil_partnership_6,"If so, how did you obtain these views?",This question asks you to list the groups that have been consulted and the date of the consultation.<br/><br/> If any future consultations are planned please record these details as well.
consultation_marriage_civil_partnership_7,Is there anything about the Function and the way it affects  which needs highlighting?,This question asks you to identify any issues about the way in which the Function has an impact upon people from different religions or beliefs.  An issue will be where there is a differential impact.  <br/><br/> Differential impact can be positive or negative.  Negative or adverse differential impact needs to be addressed by putting in place compensatory measures.<br/><br/> Some differential impact is intentional and can be characterised as positive action.
consultation_pregnancy_and_maternity_1,Have you obtained the views of expecting or new parents on the impact of the Function?,This question asks whether any individuals representing the interests of expecting or new parents have been consulted on the impact of the Function.<br/><br/>  The consultation may have been arranged specifically for this particular Function or for a number of Functions.<br/><br/> The available answers to this question are:<br/> <ul><li>Yes</li> <li>No</li> <li>Not Sure</li> </ul><br/>
consultation_pregnancy_and_maternity_2,"If not, why not?",This question asks why groups have not been consulted on the impact of the Function.<br/><br/> The available answers to this question are:<ul> <li>No relevant individuals identified.  This would be the correct answer if it had been decided that there were no suitable groups representing the interests of expecting or new parents to consult with.</li> <li>There are plans to consult relevant individuals.  This would be the correct answer if the consultation was planned but had not yet taken place.</li> <li>There are no plans to consult relevant individuals.  There may be reasons why the Council had decided not to consult on the impact of the Function.</li> <li>Not Sure.  As always an acceptable answer if you are unsure.</li></ul>
consultation_pregnancy_and_maternity_3,"If so, how did you obtain these views?",This question asks you to list the groups that have been consulted and the date of the consultation.<br/><br/> If any future consultations are planned please record these details as well.
consultation_pregnancy_and_maternity_4,Have you obtained the views of relevant stakeholders on the impact of the Function on expecting or new parents?,This question asks whether any stakeholders with knowledge and expertise on the interests of expecting or new parents have been consulted on the impact of the Function.<br/><br/>  The consultation may have been arranged specifically for this particular Function or for a number of Functions.<br/><br/> The available answers to this question are:<br/> <ul><li>Yes</li> <li>No</li> <li>Not Sure</li> </ul><br/>
consultation_pregnancy_and_maternity_5,"If not, why not?",This question asks why stakeholders have not been consulted on the impact of the Function.<br/><br/> The available answers to this question are:<ul> <li>No relevant stakeholders identified.  This would be the correct answer if it had been decided that there were no suitable stakeholders representing the interests of expecting or new parents to consult with.</li> <li>There are plans to consult relevant stakeholders.  This would be the correct answer if the consultation was planned but had not yet taken place.</li> <li>There are no plans to consult relevant stakeholders.  There may be reasons why the Council had decided not to consult on the impact of the Function.</li> <li>Not Sure.  As always an acceptable answer if you are unsure.</li></ul>
consultation_pregnancy_and_maternity_6,"If so, how did you obtain these views?",This question asks you to list the groups that have been consulted and the date of the consultation.<br/><br/> If any future consultations are planned please record these details as well.
consultation_pregnancy_and_maternity_7,Is there anything about the Function and the way it affects expecting or new parents which needs highlighting?,This question asks you to identify any issues about the way in which the Function has an impact upon people from different religions or beliefs.  An issue will be where there is a differential impact.  <br/><br/> Differential impact can be positive or negative.  Negative or adverse differential impact needs to be addressed by putting in place compensatory measures.<br/><br/> Some differential impact is intentional and can be characterised as positive action.
consultation_race_1,Have you obtained the views of individuals from different ethnic backgrounds on the impact of the Function?,This question asks whether any individuals representing the interests of individuals from different ethnic backgrounds have been consulted on the impact of the Function.<br/><br/> It will be important to ensure that the consultation includes people from a range of ethnic backgrounds.  <br/><br/> The consultation may have been arranged specifically for this particular Function or for a number of Functions.<br/><br/> The available answers to this question are:<br/> <ul><li>Yes</li> <li>No</li> <li>Not Sure</li> </ul><br/>
consultation_race_2,"If not, why not?",This question asks why groups have not been consulted on the impact of the Function.<br/><br/> The available answers to this question are:<ul> <li>No relevant individuals identified.  This would be the correct answer if it had been decided that there were no suitable groups representing the interests of individuals from different ethnic backgrounds to consult with.</li> <li>There are plans to consult relevant individuals.  This would be the correct answer if the consultation was planned but had not yet taken place.</li> <li>There are no plans to consult relevant individuals.  There may be reasons why the Council had decided not to consult on the impact of the Function.</li> <li>Not Sure.  As always an acceptable answer if you are unsure.</li></ul>
consultation_race_3,"If so, how did you obtain these views?",This question asks you to list the groups that have been consulted and the date of the consultation.<br/><br/> If any future consultations are planned please record these details as well.
consultation_race_4,Have you obtained the views of relevant stakeholders on the impact of the Function on individuals from different ethnic backgrounds?,This question asks whether any stakeholders with knowledge and expertise on the interests of individuals from different ethnic backgrounds have been consulted on the impact of the Function.<br/><br/> It will be important to ensure that the consultation includes people from a range of ethnic backgrounds.  <br/><br/> The consultation may have been arranged specifically for this particular Function or for a number of Functions.<br/><br/> The available answers to this question are:<br/> <ul><li>Yes</li> <li>No</li> <li>Not Sure</li> </ul><br/>
consultation_race_5,"If not, why not?",This question asks why stakeholders have not been consulted on the impact of the Function.<br/><br/> The available answers to this question are:<ul> <li>No relevant stakeholders identified.  This would be the correct answer if it had been decided that there were no suitable stakeholders representing the interests of individuals from different ethnic backgrounds to consult with.</li> <li>There are plans to consult relevant stakeholders.  This would be the correct answer if the consultation was planned but had not yet taken place.</li> <li>There are no plans to consult relevant stakeholders.  There may be reasons why the Council had decided not to consult on the impact of the Function.</li> <li>Not Sure.  As always an acceptable answer if you are unsure.</li></ul>
consultation_race_6,"If so, how did you obtain these views?",This question asks you to list the groups that have been consulted and the date of the consultation.<br/><br/> If any future consultations are planned please record these details as well.
consultation_race_7,Is there anything about the Function and the way it affects individuals from different ethnic backgrounds which needs highlighting?,"This question asks you to identify any issues about the way in which the Function has an impact upon people from different religions or beliefs.  An issue will be where there is a differential impact.  This means that the impact on one particular group of individuals, say Polish people, is different than for another group.<br/><br/> Differential impact can be positive or negative.  Negative or adverse differential impact needs to be addressed by putting in place compensatory measures.<br/><br/> Some differential impact is intentional and can be characterised as positive action."
consultation_sexual_orientation_1,Have you obtained the views of individuals of different sexual orientations on the impact of the Function?,"This question asks whether any individuals representing the interests of individuals of different sexual orientations have been consulted on the impact of the Function.<br/><br/> It will be important to ensure that the consultation includes people from a range of sexual orientations , including lesbian, gay, bisexual and transgender. <br/><br/> The consultation may have been arranged specifically for this particular Function or for a number of Functions.<br/><br/> The available answers to this question are:<br/> <ul><li>Yes</li> <li>No</li> <li>Not Sure</li> </ul><br/>"
consultation_sexual_orientation_2,"If not, why not?",This question asks why groups have not been consulted on the impact of the Function.<br/><br/> The available answers to this question are:<ul> <li>No relevant individuals identified.  This would be the correct answer if it had been decided that there were no suitable groups representing the interests of individuals of different sexual orientations to consult with.</li> <li>There are plans to consult relevant individuals.  This would be the correct answer if the consultation was planned but had not yet taken place.</li> <li>There are no plans to consult relevant individuals.  There may be reasons why the Council had decided not to consult on the impact of the Function.</li> <li>Not Sure.  As always an acceptable answer if you are unsure.</li></ul>
consultation_sexual_orientation_3,"If so, how did you obtain these views?",This question asks you to list the groups that have been consulted and the date of the consultation.<br/><br/> If any future consultations are planned please record these details as well.
consultation_sexual_orientation_4,Have you obtained the views of relevant stakeholders on the impact of the Function on individuals of different sexual orientations?,"This question asks whether any stakeholders with knowledge and expertise on the interests of individuals of different sexual orientations have been consulted on the impact of the Function.<br/><br/> It will be important to ensure that the consultation includes people from a range of sexual orientations , including lesbian, gay, bisexual and transgender. <br/><br/> The consultation may have been arranged specifically for this particular Function or for a number of Functions.<br/><br/> The available answers to this question are:<br/> <ul><li>Yes</li> <li>No</li> <li>Not Sure</li> </ul><br/>"
consultation_sexual_orientation_5,"If not, why not?",This question asks why stakeholders have not been consulted on the impact of the Function.<br/><br/> The available answers to this question are:<ul> <li>No relevant stakeholders identified.  This would be the correct answer if it had been decided that there were no suitable stakeholders representing the interests of individuals of different sexual orientations to consult with.</li> <li>There are plans to consult relevant stakeholders.  This would be the correct answer if the consultation was planned but had not yet taken place.</li> <li>There are no plans to consult relevant stakeholders.  There may be reasons why the Council had decided not to consult on the impact of the Function.</li> <li>Not Sure.  As always an acceptable answer if you are unsure.</li></ul>
consultation_sexual_orientation_6,"If so, how did you obtain these views?",This question asks you to list the groups that have been consulted and the date of the consultation.<br/><br/> If any future consultations are planned please record these details as well.
consultation_sexual_orientation_7,Is there anything about the Function and the way it affects individuals of different sexual orientations which needs highlighting?,"This question asks you to identify any issues about the way in which the Function has an impact upon people from different religions or beliefs.  An issue will be where there is a differential impact.  This means that the impact on one particular group of individuals, say bisexuals, is different than for another group.<br/><br/> Differential impact can be positive or negative.  Negative or adverse differential impact needs to be addressed by putting in place compensatory measures.<br/><br/> Some differential impact is intentional and can be characterised as positive action."
impact_age_1,What is your assessment of the Function in meeting the needs of individuals of different ages?,This question asks you to assess the current impact of the Function in meeting the particular needs of individuals of different ages.<br/><br/> The available answers are on a five point scale from 5 excellent to 1 poor and as usual Not sure is also an acceptable answer.<br/><br/> If the Function is not meeting the needs of any individuals of different ages purely because of their individuals of different ages then clearly the impact of the Function in this regard is not positive.
impact_age_2,Do you have evidence to support the assessment above?,"This question asks you whether you have any information to support your assessment of the impact of the Function that you recorded in the previous question.<br/><br/> The information could take a wide variety of forms from regular performance management information, evaluation work, surveys, academic publications and audit reports.<br/><br/> The available answers are:<br/> <ul><li>Yes</li> <li>No</li> <li>Not Sure</li> </ul> If you have not got information to support the assessment of impact you might like to think on what basis you made the assessment."
impact_age_3,Please record the type of evidence and where it is from?,"This question asks you to record the nature of the information you have used to make your assessment of the impact.<br/><br/> A brief description of the information, its source and date is sufficient. e.g.<br/> Internal Audit Report.<br/> ABC Ltd<br/> October 2007"
impact_age_4,Do you plan to collect any evidence?,This question asks you whether the Council has any plans to collect information to assess the impact of the Function.
impact_age_5,When will you collect the evidence?,This question asks you to estimate the timescales for collecting additional information.<br/><br/> If you are not sure about the timescales please note this in the space provided.
impact_age_6,Have any complaints been received about the Function in meeting the particular needs of individuals of different ages?,"This question asks you if there are other measures by which you could assess the impact of the Function on individuals of different ages.  Such measures might be the level of complaints, anecdotal evidence or your first hand experience of the Function.<br/><br/> The available answers to this question are:<br/> <ul><li>Yes</li> <li>No</li> <li>Not Sure</li> </ul><br/> In the light of this question you may want to go back and review your assessment of the impact of the Function on individuals of different ages."
impact_age_7,Please record the nature of any such complaints,"This question asks you to record the details of any additional measures.<br/><br/> A brief description, source and date will be sufficient."
impact_age_8,"You may have evidence from more than one source.  If so, does it present a consistent view?",This question asks you whether all the information from the range of sources gives a consistent assessment of the impact of the Function.
impact_age_9,Is there anything about the Function and the way it affects individuals of different ages which needs highlighting?,"This question asks you to identify any issues about the way in which the Function has an impact upon people from different religions or beliefs.  An issue will be where there is a differential impact.  This means that the impact on one particular group of individuals, say elderly people, is different than for another group.<br/><br/> Differential impact can be positive or negative. Negative or adverse differential impact needs to be addressed by putting in place compensatory measures.<br/><br/> Some differential impact is intentional and can be characterised as positive action."
impact_disability_1,What is your assessment of the Function in meeting the needs of individuals with different kinds of disability?,This question asks you to assess the current impact of the Function in meeting the particular needs of individuals with different kinds of disability.<br/><br/> The available answers are on a five point scale from 5 excellent to 1 poor and as usual Not sure is also an acceptable answer.<br/><br/> If the Function is not meeting the needs of any individuals with different kinds of disability purely because of their individuals with different kinds of disability then clearly the impact of the Function in this regard is not positive.
impact_disability_2,Do you have evidence to support the assessment above?,"This question asks you whether you have any information to support your assessment of the impact of the Function that you recorded in the previous question.<br/><br/> The information could take a wide variety of forms from regular performance management information, evaluation work, surveys, academic publications and audit reports.<br/><br/> The available answers are:<br/> <ul><li>Yes</li> <li>No</li> <li>Not Sure</li> </ul> If you have not got information to support the assessment of impact you might like to think on what basis you made the assessment."
impact_disability_3,Please record the type of evidence and where it is from?,"This question asks you to record the nature of the information you have used to make your assessment of the impact.<br/><br/> A brief description of the information, its source and date is sufficient. e.g.<br/> Internal Audit Report.<br/> ABC Ltd<br/> October 2007"
impact_disability_4,Do you plan to collect any evidence?,This question asks you whether the Council has any plans to collect information to assess the impact of the Function.
impact_disability_5,When will you collect the evidence?,This question asks you to estimate the timescales for collecting additional information.<br/><br/> If you are not sure about the timescales please note this in the space provided.
impact_disability_6,Have any complaints been received about the Function in meeting the particular needs of individuals with different kinds of disability?,"This question asks you if there are other measures by which you could assess the impact of the Function on individuals with different kinds of disability.  Such measures might be the level of complaints, anecdotal evidence or your first hand experience of the Function.<br/><br/>It is important to have regards for all types of disability including physical, sensory, learning and mental health.  <br/><br/> The available answers to this question are:<br/> <ul><li>Yes</li> <li>No</li> <li>Not Sure</li> </ul><br/> In the light of this question you may want to go back and review your assessment of the impact of the Function on individuals with different kinds of disability."
impact_disability_7,Please record the nature of any such complaints,"This question asks you to record the details of any additional measures.<br/><br/> A brief description, source and date will be sufficient."
impact_disability_8,"You may have evidence from more than one source.  If so, does it present a consistent view?",This question asks you whether all the information from the range of sources gives a consistent assessment of the impact of the Function.
impact_disability_9,Is there anything about the Function and the way it affects individuals with different kinds of disability which needs highlighting?,"This question asks you to identify any issues about the way in which the Function has an impact upon people from different religions or beliefs.  An issue will be where there is a differential impact.  This means that the impact on one particular group of individuals, say people with mental health conditions, is different than for another group.<br/><br/> Differential impact can be positive or negative. Negative or adverse differential impact needs to be addressed by putting in place compensatory measures.<br/><br/> Some differential impact is intentional and can be characterised as positive action."
impact_faith_1,What is your assessment of the Function in meeting the needs of individuals of different religions or beliefs?,This question asks you to assess the current impact of the Function in meeting the particular needs of individuals of different religions or beliefs.<br/><br/> The available answers are on a five point scale from 5 excellent to 1 poor and as usual Not sure is also an acceptable answer.<br/><br/> If the Function is not meeting the needs of any individuals of different religions or beliefs purely because of their individuals of different religions or beliefs then clearly the impact of the Function in this regard is not positive.
impact_faith_2,Do you have evidence to support the assessment above?,"This question asks you whether you have any information to support your assessment of the impact of the Function that you recorded in the previous question.<br/><br/> The information could take a wide variety of forms from regular performance management information, evaluation work, surveys, academic publications and audit reports.<br/><br/> The available answers are:<br/> <ul><li>Yes</li> <li>No</li> <li>Not Sure</li> </ul> If you have not got information to support the assessment of impact you might like to think on what basis you made the assessment."
impact_faith_3,Please record the type of evidence and where it is from?,"This question asks you to record the nature of the information you have used to make your assessment of the impact.<br/><br/> A brief description of the information, its source and date is sufficient. e.g.<br/> Internal Audit Report.<br/> ABC Ltd<br/> October 2007"
impact_faith_4,Do you plan to collect any evidence?,This question asks you whether the Council has any plans to collect information to assess the impact of the Function.
impact_faith_5,When will you collect the evidence?,This question asks you to estimate the timescales for collecting additional information.<br/><br/> If you are not sure about the timescales please note this in the space provided.
impact_faith_6,Have any complaints been received about the Function in meeting the particular needs of individuals of different religions or beliefs?,"This question asks you if there are other measures by which you could assess the impact of the Function on individuals of different religions or beliefs.  Such measures might be the level of complaints, anecdotal evidence or your first hand experience of the Function.<br/><br/>It is important to have regard for all religions or beliefs including both the major religions or beliefs such as Islam, Judaism and Christianity and any minority religions or beliefs. <br/><br/> The available answers to this question are:<br/> <ul><li>Yes</li> <li>No</li> <li>Not Sure</li> </ul><br/> In the light of this question you may want to go back and review your assessment of the impact of the Function on individuals of different religions or beliefs."
impact_faith_7,Please record the nature of any such complaints,"This question asks you to record the details of any additional measures.<br/><br/> A brief description, source and date will be sufficient."
impact_faith_8,"You may have evidence from more than one source.  If so, does it present a consistent view?",This question asks you whether all the information from the range of sources gives a consistent assessment of the impact of the Function.
impact_faith_9,Is there anything about the Function and the way it affects individuals of different religions or beliefs which needs highlighting?,"This question asks you to identify any issues about the way in which the Function has an impact upon people from different religions or beliefs.  An issue will be where there is a differential impact.  This means that the impact on one particular group of individuals, say people from the Sikh religion, is different than for another group.  <br/><br/> Differential impact can be positive or negative. Negative or adverse differential impact needs to be addressed by putting in place compensatory measures.<br/><br/> Some differential impact is intentional and can be characterised as positive action."
impact_gender_1,What is your assessment of the Function in meeting the needs of men and women?,This question asks you to assess the current impact of the Function in meeting the particular needs of men and women.<br/><br/> The available answers are on a five point scale from 5 excellent to 1 poor and as usual Not sure is also an acceptable answer.<br/><br/> If the Function is not meeting the needs of any men and women purely because of their men and women then clearly the impact of the Function in this regard is not positive.
impact_gender_2,Do you have evidence to support the assessment above?,"This question asks you whether you have any information to support your assessment of the impact of the Function that you recorded in the previous question.<br/><br/> The information could take a wide variety of forms from regular performance management information, evaluation work, surveys, academic publications and audit reports.<br/><br/> The available answers are:<br/> <ul><li>Yes</li> <li>No</li> <li>Not Sure</li> </ul> If you have not got information to support the assessment of impact you might like to think on what basis you made the assessment."
impact_gender_3,Please record the type of evidence and where it is from?,"This question asks you to record the nature of the information you have used to make your assessment of the impact.<br/><br/> A brief description of the information, its source and date is sufficient. e.g.<br/> Internal Audit Report.<br/> ABC Ltd<br/> October 2007"
impact_gender_4,Do you plan to collect any evidence?,This question asks you whether the Council has any plans to collect information to assess the impact of the Function.
impact_gender_5,When will you collect the evidence?,This question asks you to estimate the timescales for collecting additional information.<br/><br/> If you are not sure about the timescales please note this in the space provided.
impact_gender_6,Have any complaints been received about the Function in meeting the particular needs of men and women?,"This question asks you if there are other measures by which you could assess the impact of the Function on men and women.  Such measures might be the level of complaints, anecdotal evidence or your first hand experience of the Function.<br/><br/> The available answers to this question are:<br/> <ul><li>Yes</li> <li>No</li> <li>Not Sure</li> </ul><br/> In the light of this question you may want to go back and review your assessment of the impact of the Function on men and women."
impact_gender_7,Please record the nature of any such complaints,"This question asks you to record the details of any additional measures.<br/><br/> A brief description, source and date will be sufficient."
impact_gender_8,"You may have evidence from more than one source.  If so, does it present a consistent view?",This question asks you whether all the information from the range of sources gives a consistent assessment of the impact of the Function.
impact_gender_9,Is there anything about the Function and the way it affects men and women which needs highlighting?,"This question asks you to identify any issues about the way in which the Function has an impact upon people from different religions or beliefs.  An issue will be where there is a differential impact.  This means that the impact on one particular group of individuals, men or women, is different than for the other group.<br/><br/> Differential impact can be positive or negative. Negative or adverse differential impact needs to be addressed by putting in place compensatory measures.<br/><br/> Some differential impact is intentional and can be characterised as positive action."
impact_gender_reassignment_1,What is your assessment of the Function in meeting the needs of individuals with gender reassignment?,This question asks you to assess the current impact of the Function in meeting the particular needs of individuals with gender reassignment.<br/><br/> The available answers are on a five point scale from 5 excellent to 1 poor and as usual Not sure is also an acceptable answer.<br/><br/> If the Function is not meeting the needs of any individuals with gender reassignment purely because of their individuals with gender reassignment then clearly the impact of the Function in this regard is not positive.
impact_gender_reassignment_2,Do you have evidence to support the assessment above?,"This question asks you whether you have any information to support your assessment of the impact of the Function that you recorded in the previous question.<br/><br/> The information could take a wide variety of forms from regular performance management information, evaluation work, surveys, academic publications and audit reports.<br/><br/> The available answers are:<br/> <ul><li>Yes</li> <li>No</li> <li>Not Sure</li> </ul> If you have not got information to support the assessment of impact you might like to think on what basis you made the assessment."
impact_gender_reassignment_3,Please record the type of evidence and where it is from?,"This question asks you to record the nature of the information you have used to make your assessment of the impact.<br/><br/> A brief description of the information, its source and date is sufficient. e.g.<br/> Internal Audit Report.<br/> ABC Ltd<br/> October 2007"
impact_gender_reassignment_4,Do you plan to collect any evidence?,This question asks you whether the Council has any plans to collect information to assess the impact of the Function.
impact_gender_reassignment_5,When will you collect the evidence?,This question asks you to estimate the timescales for collecting additional information.<br/><br/> If you are not sure about the timescales please note this in the space provided.
impact_gender_reassignment_6,Have any complaints been received about the Function in meeting the particular needs of individuals with gender reassignment?,"This question asks you if there are other measures by which you could assess the impact of the Function on individuals with gender reassignment.  Such measures might be the level of complaints, anecdotal evidence or your first hand experience of the Function.<br/><br/> The available answers to this question are:<br/> <ul><li>Yes</li> <li>No</li> <li>Not Sure</li> </ul><br/> In the light of this question you may want to go back and review your assessment of the impact of the Function on individuals with gender reassignment."
impact_gender_reassignment_7,Please record the nature of any such complaints,"This question asks you to record the details of any additional measures.<br/><br/> A brief description, source and date will be sufficient."
impact_gender_reassignment_8,"You may have evidence from more than one source.  If so, does it present a consistent view?",This question asks you whether all the information from the range of sources gives a consistent assessment of the impact of the Function.
impact_gender_reassignment_9,Is there anything about the Function and the way it affects individuals with gender reassignment which needs highlighting?,This question asks you to identify any issues about the way in which the Function has an impact upon people from different religions or beliefs.  An issue will be where there is a differential impact.  <br/><br/> Differential impact can be positive or negative. Negative or adverse differential impact needs to be addressed by putting in place compensatory measures.<br/><br/> Some differential impact is intentional and can be characterised as positive action.
impact_marriage_civil_partnership_1,What is your assessment of the Function in meeting the needs of ?,This question asks you to assess the current impact of the Function in meeting the particular needs of .<br/><br/> The available answers are on a five point scale from 5 excellent to 1 poor and as usual Not sure is also an acceptable answer.<br/><br/> If the Function is not meeting the needs of any  purely because of their  then clearly the impact of the Function in this regard is not positive.
impact_marriage_civil_partnership_2,Do you have evidence to support the assessment above?,"This question asks you whether you have any information to support your assessment of the impact of the Function that you recorded in the previous question.<br/><br/> The information could take a wide variety of forms from regular performance management information, evaluation work, surveys, academic publications and audit reports.<br/><br/> The available answers are:<br/> <ul><li>Yes</li> <li>No</li> <li>Not Sure</li> </ul> If you have not got information to support the assessment of impact you might like to think on what basis you made the assessment."
impact_marriage_civil_partnership_3,Please record the type of evidence and where it is from?,"This question asks you to record the nature of the information you have used to make your assessment of the impact.<br/><br/> A brief description of the information, its source and date is sufficient. e.g.<br/> Internal Audit Report.<br/> ABC Ltd<br/> October 2007"
impact_marriage_civil_partnership_4,Do you plan to collect any evidence?,This question asks you whether the Council has any plans to collect information to assess the impact of the Function.
impact_marriage_civil_partnership_5,When will you collect the evidence?,This question asks you to estimate the timescales for collecting additional information.<br/><br/> If you are not sure about the timescales please note this in the space provided.
impact_marriage_civil_partnership_6,Have any complaints been received about the Function in meeting the particular needs of ?,"This question asks you if there are other measures by which you could assess the impact of the Function on .  Such measures might be the level of complaints, anecdotal evidence or your first hand experience of the Function.<br/><br/> The available answers to this question are:<br/> <ul><li>Yes</li> <li>No</li> <li>Not Sure</li> </ul><br/> In the light of this question you may want to go back and review your assessment of the impact of the Function on ."
impact_marriage_civil_partnership_7,Please record the nature of any such complaints,"This question asks you to record the details of any additional measures.<br/><br/> A brief description, source and date will be sufficient."
impact_marriage_civil_partnership_8,"You may have evidence from more than one source.  If so, does it present a consistent view?",This question asks you whether all the information from the range of sources gives a consistent assessment of the impact of the Function.
impact_marriage_civil_partnership_9,Is there anything about the Function and the way it affects  which needs highlighting?,This question asks you to identify any issues about the way in which the Function has an impact upon people from different religions or beliefs.  An issue will be where there is a differential impact.  <br/><br/> Differential impact can be positive or negative. Negative or adverse differential impact needs to be addressed by putting in place compensatory measures.<br/><br/> Some differential impact is intentional and can be characterised as positive action.
impact_pregnancy_and_maternity_1,What is your assessment of the Function in meeting the needs of expecting or new parents?,This question asks you to assess the current impact of the Function in meeting the particular needs of expecting or new parents.<br/><br/> The available answers are on a five point scale from 5 excellent to 1 poor and as usual Not sure is also an acceptable answer.<br/><br/> If the Function is not meeting the needs of any expecting or new parents purely because of their expecting or new parents then clearly the impact of the Function in this regard is not positive.
impact_pregnancy_and_maternity_2,Do you have evidence to support the assessment above?,"This question asks you whether you have any information to support your assessment of the impact of the Function that you recorded in the previous question.<br/><br/> The information could take a wide variety of forms from regular performance management information, evaluation work, surveys, academic publications and audit reports.<br/><br/> The available answers are:<br/> <ul><li>Yes</li> <li>No</li> <li>Not Sure</li> </ul> If you have not got information to support the assessment of impact you might like to think on what basis you made the assessment."
impact_pregnancy_and_maternity_3,Please record the type of evidence and where it is from?,"This question asks you to record the nature of the information you have used to make your assessment of the impact.<br/><br/> A brief description of the information, its source and date is sufficient. e.g.<br/> Internal Audit Report.<br/> ABC Ltd<br/> October 2007"
impact_pregnancy_and_maternity_4,Do you plan to collect any evidence?,This question asks you whether the Council has any plans to collect information to assess the impact of the Function.
impact_pregnancy_and_maternity_5,When will you collect the evidence?,This question asks you to estimate the timescales for collecting additional information.<br/><br/> If you are not sure about the timescales please note this in the space provided.
impact_pregnancy_and_maternity_6,Have any complaints been received about the Function in meeting the particular needs of expecting or new parents?,"This question asks you if there are other measures by which you could assess the impact of the Function on expecting or new parents.  Such measures might be the level of complaints, anecdotal evidence or your first hand experience of the Function.<br/><br/> The available answers to this question are:<br/> <ul><li>Yes</li> <li>No</li> <li>Not Sure</li> </ul><br/> In the light of this question you may want to go back and review your assessment of the impact of the Function on expecting or new parents."
impact_pregnancy_and_maternity_7,Please record the nature of any such complaints,"This question asks you to record the details of any additional measures.<br/><br/> A brief description, source and date will be sufficient."
impact_pregnancy_and_maternity_8,"You may have evidence from more than one source.  If so, does it present a consistent view?",This question asks you whether all the information from the range of sources gives a consistent assessment of the impact of the Function.
impact_pregnancy_and_maternity_9,Is there anything about the Function and the way it affects expecting or new parents which needs highlighting?,This question asks you to identify any issues about the way in which the Function has an impact upon people from different religions or beliefs.  An issue will be where there is a differential impact.  <br/><br/> Differential impact can be positive or negative. Negative or adverse differential impact needs to be addressed by putting in place compensatory measures.<br/><br/> Some differential impact is intentional and can be characterised as positive action.
impact_race_1,What is your assessment of the Function in meeting the needs of individuals from different ethnic backgrounds?,This question asks you to assess the current impact of the Function in meeting the particular needs of individuals from different ethnic backgrounds.<br/><br/> The available answers are on a five point scale from 5 excellent to 1 poor and as usual Not sure is also an acceptable answer.<br/><br/> If the Function is not meeting the needs of any individuals from different ethnic backgrounds purely because of their individuals from different ethnic backgrounds then clearly the impact of the Function in this regard is not positive.
impact_race_2,Do you have evidence to support the assessment above?,"This question asks you whether you have any information to support your assessment of the impact of the Function that you recorded in the previous question.<br/><br/> The information could take a wide variety of forms from regular performance management information, evaluation work, surveys, academic publications and audit reports.<br/><br/> The available answers are:<br/> <ul><li>Yes</li> <li>No</li> <li>Not Sure</li> </ul> If you have not got information to support the assessment of impact you might like to think on what basis you made the assessment."
impact_race_3,Please record the type of evidence and where it is from?,"This question asks you to record the nature of the information you have used to make your assessment of the impact.<br/><br/> A brief description of the information, its source and date is sufficient. e.g.<br/> Internal Audit Report.<br/> ABC Ltd<br/> October 2007"
impact_race_4,Do you plan to collect any evidence?,This question asks you whether the Council has any plans to collect information to assess the impact of the Function.
impact_race_5,When will you collect the evidence?,This question asks you to estimate the timescales for collecting additional information.<br/><br/> If you are not sure about the timescales please note this in the space provided.
impact_race_6,Have any complaints been received about the Function in meeting the particular needs of individuals from different ethnic backgrounds?,"This question asks you if there are other measures by which you could assess the impact of the Function on individuals from different ethnic backgrounds.  Such measures might be the level of complaints, anecdotal evidence or your first hand experience of the Function.<br/><br/> The available answers to this question are:<br/> <ul><li>Yes</li> <li>No</li> <li>Not Sure</li> </ul><br/> In the light of this question you may want to go back and review your assessment of the impact of the Function on individuals from different ethnic backgrounds."
impact_race_7,Please record the nature of any such complaints,"This question asks you to record the details of any additional measures.<br/><br/> A brief description, source and date will be sufficient."
impact_race_8,"You may have evidence from more than one source.  If so, does it present a consistent view?",This question asks you whether all the information from the range of sources gives a consistent assessment of the impact of the Function.
impact_race_9,Is there anything about the Function and the way it affects individuals from different ethnic backgrounds which needs highlighting?,"This question asks you to identify any issues about the way in which the Function has an impact upon people from different religions or beliefs.  An issue will be where there is a differential impact.  This means that the impact on one particular group of individuals, say Polish people, is different than for another group.<br/><br/> Differential impact can be positive or negative. Negative or adverse differential impact needs to be addressed by putting in place compensatory measures.<br/><br/> Some differential impact is intentional and can be characterised as positive action."
impact_sexual_orientation_1,What is your assessment of the Function in meeting the needs of individuals of different sexual orientations?,This question asks you to assess the current impact of the Function in meeting the particular needs of individuals of different sexual orientations.<br/><br/> The available answers are on a five point scale from 5 excellent to 1 poor and as usual Not sure is also an acceptable answer.<br/><br/> If the Function is not meeting the needs of any individuals of different sexual orientations purely because of their individuals of different sexual orientations then clearly the impact of the Function in this regard is not positive.
impact_sexual_orientation_2,Do you have evidence to support the assessment above?,"This question asks you whether you have any information to support your assessment of the impact of the Function that you recorded in the previous question.<br/><br/> The information could take a wide variety of forms from regular performance management information, evaluation work, surveys, academic publications and audit reports.<br/><br/> The available answers are:<br/> <ul><li>Yes</li> <li>No</li> <li>Not Sure</li> </ul> If you have not got information to support the assessment of impact you might like to think on what basis you made the assessment."
impact_sexual_orientation_3,Please record the type of evidence and where it is from?,"This question asks you to record the nature of the information you have used to make your assessment of the impact.<br/><br/> A brief description of the information, its source and date is sufficient. e.g.<br/> Internal Audit Report.<br/> ABC Ltd<br/> October 2007"
impact_sexual_orientation_4,Do you plan to collect any evidence?,This question asks you whether the Council has any plans to collect information to assess the impact of the Function.
impact_sexual_orientation_5,When will you collect the evidence?,This question asks you to estimate the timescales for collecting additional information.<br/><br/> If you are not sure about the timescales please note this in the space provided.
impact_sexual_orientation_6,Have any complaints been received about the Function in meeting the particular needs of individuals of different sexual orientations?,"This question asks you if there are other measures by which you could assess the impact of the Function on individuals of different sexual orientations, including lesbian, gay, bisexual and transgender.  Such measures might be the level of complaints, anecdotal evidence or your first hand experience of the Function.<br/><br/> The available answers to this question are:<br/> <ul><li>Yes</li> <li>No</li> <li>Not Sure</li> </ul><br/> In the light of this question you may want to go back and review your assessment of the impact of the Function on individuals of different sexual orientations."
impact_sexual_orientation_7,Please record the nature of any such complaints,"This question asks you to record the details of any additional measures.<br/><br/> A brief description, source and date will be sufficient."
impact_sexual_orientation_8,"You may have evidence from more than one source.  If so, does it present a consistent view?",This question asks you whether all the information from the range of sources gives a consistent assessment of the impact of the Function.
impact_sexual_orientation_9,Is there anything about the Function and the way it affects individuals of different sexual orientations which needs highlighting?,"This question asks you to identify any issues about the way in which the Function has an impact upon people from different religions or beliefs.  An issue will be where there is a differential impact.  This means that the impact on one particular group of individuals, say bisexuals, is different than for another group.<br/><br/> Differential impact can be positive or negative. Negative or adverse differential impact needs to be addressed by putting in place compensatory measures.<br/><br/> Some differential impact is intentional and can be characterised as positive action."
purpose_age_3,Does this EINA have any relevance to individuals of different ages?,This question asks you to identify any positive differential impact that the Function has on individuals of different ages.<br/><br/>  . Please indicate whether the Function could affect individuals of different ages differently if it were performed well.
purpose_disability_3,Does this EINA have any relevance to individuals with different kinds of disability?,"This question asks you to identify any positive differential impact that the Function has on individuals with different kinds of disability.<br/><br/>  It is important to have regards for all types of disability including physical, sensory, learning and mental health.  <br/><br/>. Please indicate whether the Function could affect individuals with different kinds of disability differently if it were performed well."
purpose_faith_3,Does this EINA have any relevance to individuals of different religions or beliefs?,This question asks you to identify any positive differential impact that the Function has on individuals of different religions or beliefs.<br/><br/>  . Please indicate whether the Function could affect individuals of different religions or beliefs differently if it were performed well.
purpose_gender_3,Does this EINA have any relevance to men and women?,This question asks you to identify any positive differential impact that the Function has on men and women.<br/><br/>  . Please indicate whether the Function could affect men and women differently if it were performed well.
purpose_gender_reassignment_3,Does this EINA have any relevance to individuals with gender reassignment?,This question asks you to identify any positive differential impact that the Function has on individuals with gender reassignment.<br/><br/>  . Please indicate whether the Function could affect individuals with gender reassignment differently if it were performed well.
purpose_marriage_civil_partnership_3,Does this EINA have any relevance to ?,This question asks you to identify any positive differential impact that the Function has on .<br/><br/>  . Please indicate whether the Function could affect  differently if it were performed well.
purpose_overall_11,Is the Function delivered by a third party?,""
purpose_overall_12,Were equality requirements part of the contracting process if the Function is delivered by a third party?,""
purpose_overall_13,Have you any overall comments on this initial stage of the assessment?,""
purpose_overall_14,Have you any final comments on this assessment?,""
purpose_overall_2,What is the Function supposed to achieve?,"This question asks you to identify the target outcome or desired state of affairs which the Function is designed to deliver.  If the Function does the job which it is supposed to do, what will it change or achieve.<br/><br/> Examples of target outcomes are:<ul> <li>A narrowing of the gap between the local employment rate for priority disadvantaged groups and the national rate.</li> <li>An improvement in the skill levels of the workforce to better meet the needs of the local economy.</li></ul> It is unlikely that the target outcome will be expressed in terms of numerical targets or outputs."
purpose_overall_5,Service users,"Service Users, people who use Council serices whether residents or visitors.  Functions which deliver front line services will have an impact on these individuals."
purpose_overall_6,Staff employed by the organisation,Functions on how the Council is structured and operates such as HR Functions will have an impact on staff employed by the Council.  Staff are almost certain to be Services Users as well but this question is asked in relation to their role as staff.
purpose_overall_7,"Supplier organisations, staff and customers",Functions relating to the way in which the Council purchases goods and services may have an impact on staff employed by supplier organisations.  Staff of supplier organisations are almost certain to be Services Users as well but this question is asked in relation to their role purely as staff of supplier organisations.
purpose_overall_8,"Partner organisations, staff and customers",Functions that cover the way the Council works with local partners are likely to affect staff of partner organisations.  Staff of partner organisations are almost certain to be Services Users as well but this question is asked in relation to their role purely as staff of partner organisations.
purpose_overall_9,"Businesses, staff and customers",Functions which cover the way in which the Council engages with businesses are likely to have an impact on the employees of such businesses
purpose_pregnancy_and_maternity_3,Does this EINA have any relevance to expecting or new parents?,This question asks you to identify any positive differential impact that the Function has on expecting or new parents.<br/><br/>  . Please indicate whether the Function could affect expecting or new parents differently if it were performed well.
purpose_race_3,Does this EINA have any relevance to individuals from different ethnic backgrounds?,This question asks you to identify any positive differential impact that the Function has on individuals from different ethnic backgrounds.<br/><br/>  . Please indicate whether the Function could affect individuals from different ethnic backgrounds differently if it were performed well.
purpose_sexual_orientation_3,Does this EINA have any relevance to individuals of different sexual orientations?,This question asks you to identify any positive differential impact that the Function has on individuals of different sexual orientations.<br/><br/>  . Please indicate whether the Function could affect individuals of different sexual orientations differently if it were performed well.
